# Custom 4MB layout: app slots grown to 1.5MB (0x180000) each, filesystem
# shrunk to 896KB (0xE0000). The stock default.csv's 1.25MB app slots are too
# small for this firmware's ESP32-C3 image: the flashed .bin includes ~113KB
# of MMU-alignment padding beyond PlatformIO's reported "Flash" figure, and
# once the .bin exceeds the app partition the bootloader rejects the image on
# every boot (endless rst:0x3 loop with no output on USB-only boards).
# Name,   Type, SubType,  Offset,   Size,     Flags
nvs,      data, nvs,      0x9000,   0x5000,
otadata,  data, ota,      0xE000,   0x2000,
app0,     app,  ota_0,    0x10000,  0x180000,
app1,     app,  ota_1,    0x190000, 0x180000,
spiffs,   data, spiffs,   0x310000, 0xE0000,
coredump, data, coredump, 0x3F0000, 0x10000,
